trial_number,params,value
0,"{'dataset_column': 'tokens_without_stop_words', 'vectorizer': 'Word2VecVectorizer', 'w2v_vector_size': 255, 'w2v_window': 7, 'w2v_min_count': 6, 'w2v_epochs': 28, 'classifier': 'RidgeClassifier', 'ridge_alpha': 6.833331174600218, 'ridge_tol': 0.002271486484707361, 'ridge_solver': 'sag'}",0.8830652072373196
1,"{'dataset_column': 'lemmatized_tokens_without_stop_words', 'vectorizer': 'Word2VecVectorizer', 'w2v_vector_size': 102, 'w2v_window': 9, 'w2v_min_count': 9, 'w2v_epochs': 18, 'classifier': 'LinearSVC', 'svc_penalty': 'l2', 'svc_C': 38.384162569941935, 'svc_tol': 0.06556052622069357, 'svc_max_iter': 2023, 'svc_loss': 'hinge'}",0.8752863372747051
2,"{'dataset_column': 'lemmatized_tokens', 'vectorizer': 'TfidfVectorizer', 'tfidf_max_ngram': 3, 'tfidf_max_df': 0.857182744666962, 'tfidf_min_df': 172, 'classifier': 'RidgeClassifier', 'ridge_alpha': 1.901987530856503, 'ridge_tol': 0.02836694654963005, 'ridge_solver': 'sparse_cg'}",0.8983711214498976
3,"{'dataset_column': 'lemmatized_tokens', 'vectorizer': 'Word2VecVectorizer', 'w2v_vector_size': 51, 'w2v_window': 1, 'w2v_min_count': 10, 'w2v_epochs': 14, 'classifier': 'LinearSVC', 'svc_penalty': 'l1', 'svc_C': 30.37712496901523, 'svc_tol': 0.047379725127050576, 'svc_max_iter': 19537}",0.8082471320641597
4,"{'dataset_column': 'corrected_tokens', 'vectorizer': 'Word2VecVectorizer', 'w2v_vector_size': 153, 'w2v_window': 6, 'w2v_min_count': 10, 'w2v_epochs': 16, 'classifier': 'RidgeClassifier', 'ridge_alpha': 2.5680208327987146, 'ridge_tol': 0.09294150962877579, 'ridge_solver': 'auto'}",0.8669787347175983
5,"{'dataset_column': 'corrected_tokens', 'vectorizer': 'Word2VecVectorizer', 'w2v_vector_size': 170, 'w2v_window': 1, 'w2v_min_count': 10, 'w2v_epochs': 19, 'classifier': 'LinearSVC', 'svc_penalty': 'l1', 'svc_C': 41.42023329411728, 'svc_tol': 0.05220978655211223, 'svc_max_iter': 7353}",0.8503638623289396
6,"{'dataset_column': 'tokens_without_stop_words', 'vectorizer': 'TfidfVectorizer', 'tfidf_max_ngram': 1, 'tfidf_max_df': 0.704652932955896, 'tfidf_min_df': 366, 'classifier': 'RidgeClassifier', 'ridge_alpha': 5.6505950722677225, 'ridge_tol': 0.057132995121673524, 'ridge_solver': 'auto'}",0.8736498630755122
7,"{'dataset_column': 'corrected_tokens', 'vectorizer': 'TfidfVectorizer', 'tfidf_max_ngram': 2, 'tfidf_max_df': 0.8778150867030544, 'tfidf_min_df': 436, 'classifier': 'RidgeClassifier', 'ridge_alpha': 7.12352248787802, 'ridge_tol': 0.04454238495124021, 'ridge_solver': 'sparse_cg'}",0.8804973042892443
8,"{'dataset_column': 'tokens_without_stop_words', 'vectorizer': 'Word2VecVectorizer', 'w2v_vector_size': 105, 'w2v_window': 1, 'w2v_min_count': 3, 'w2v_epochs': 23, 'classifier': 'RidgeClassifier', 'ridge_alpha': 3.12073685932997, 'ridge_tol': 0.06329570199024935, 'ridge_solver': 'cholesky'}",0.8459583066360686
9,"{'dataset_column': 'corrected_tokens', 'vectorizer': 'TfidfVectorizer', 'tfidf_max_ngram': 2, 'tfidf_max_df': 0.7278298607789282, 'tfidf_min_df': 155, 'classifier': 'LinearSVC', 'svc_penalty': 'l2', 'svc_C': 69.55224469198217, 'svc_tol': 0.0075438159175333095, 'svc_max_iter': 5633, 'svc_loss': 'squared_hinge'}",0.8497343265666462
10,"{'dataset_column': 'lemmatized_tokens', 'vectorizer': 'TfidfVectorizer', 'tfidf_max_ngram': 3, 'tfidf_max_df': 0.9738164719107969, 'tfidf_min_df': 913, 'classifier': 'RidgeClassifier', 'ridge_alpha': 0.15423065699378546, 'ridge_tol': 0.012896030573799719, 'ridge_solver': 'sparse_cg'}",0.8593760413517657
11,"{'dataset_column': 'tokens', 'vectorizer': 'TfidfVectorizer', 'tfidf_max_ngram': 3, 'tfidf_max_df': 0.8419270158039668, 'tfidf_min_df': 10, 'classifier': 'RidgeClassifier', 'ridge_alpha': 9.767967992191213, 'ridge_tol': 0.0020164778190107143, 'ridge_solver': 'sag'}",0.8979935730098101
12,"{'dataset_column': 'tokens', 'vectorizer': 'TfidfVectorizer', 'tfidf_max_ngram': 3, 'tfidf_max_df': 0.8416797512138257, 'tfidf_min_df': 1, 'classifier': 'RidgeClassifier', 'ridge_alpha': 9.965021641687514, 'ridge_tol': 0.025258346712586158, 'ridge_solver': 'saga'}",0.8812525405972709
13,"{'dataset_column': 'tokens', 'vectorizer': 'TfidfVectorizer', 'tfidf_max_ngram': 3, 'tfidf_max_df': 0.8421621017781579, 'tfidf_min_df': 28, 'classifier': 'RidgeClassifier', 'ridge_alpha': 9.956328300992284, 'ridge_tol': 0.028023616054846393, 'ridge_solver': 'svd'}",-inf
14,"{'dataset_column': 'lemmatized_tokens', 'vectorizer': 'TfidfVectorizer', 'tfidf_max_ngram': 3, 'tfidf_max_df': 0.8976591807705361, 'tfidf_min_df': 228, 'classifier': 'RidgeClassifier', 'ridge_alpha': 0.053139079530890365, 'ridge_tol': 0.0033287211118792973, 'ridge_solver': 'sag'}",0.8770734696050452
15,"{'dataset_column': 'tokens', 'vectorizer': 'TfidfVectorizer', 'tfidf_max_ngram': 2, 'tfidf_max_df': 0.7878632386794818, 'tfidf_min_df': 228, 'classifier': 'RidgeClassifier', 'ridge_alpha': 3.2019462338879707, 'ridge_tol': 0.03350043809570131, 'ridge_solver': 'lsqr'}",0.8954759718279689
16,"{'dataset_column': 'lemmatized_tokens_without_stop_words', 'vectorizer': 'TfidfVectorizer', 'tfidf_max_ngram': 3, 'tfidf_max_df': 0.935900719804427, 'tfidf_min_df': 707, 'classifier': 'RidgeClassifier', 'ridge_alpha': 8.26630724547231, 'ridge_tol': 0.015470856268067292, 'ridge_solver': 'sparse_cg'}",0.8579410910989893
17,"{'dataset_column': 'lemmatized_tokens', 'vectorizer': 'TfidfVectorizer', 'tfidf_max_ngram': 1, 'tfidf_max_df': 0.7935616695412936, 'tfidf_min_df': 114, 'classifier': 'RidgeClassifier', 'ridge_alpha': 1.78128341003655, 'ridge_tol': 0.07314158090460382, 'ridge_solver': 'sag'}",0.8850034318264353
18,"{'dataset_column': 'tokens', 'vectorizer': 'TfidfVectorizer', 'tfidf_max_ngram': 3, 'tfidf_max_df': 0.7946636342828499, 'tfidf_min_df': 365, 'classifier': 'LinearSVC', 'svc_penalty': 'l1', 'svc_C': 96.60198659926448, 'svc_tol': 0.09772976002427222, 'svc_max_iter': 15282}",0.8693198202394736
19,"{'dataset_column': 'lemmatized_tokens', 'vectorizer': 'TfidfVectorizer', 'tfidf_max_ngram': 2, 'tfidf_max_df': 0.898966557282488, 'tfidf_min_df': 605, 'classifier': 'RidgeClassifier', 'ridge_alpha': 4.691175579569952, 'ridge_tol': 0.04231349781320055, 'ridge_solver': 'saga'}",0.8742792625787688
20,"{'dataset_column': 'tokens', 'vectorizer': 'TfidfVectorizer', 'tfidf_max_ngram': 3, 'tfidf_max_df': 0.8335145047562744, 'tfidf_min_df': 114, 'classifier': 'RidgeClassifier', 'ridge_alpha': 5.0068435778071745, 'ridge_tol': 0.016211596330404015, 'ridge_solver': 'lsqr'}",0.9030535428300179
21,"{'dataset_column': 'tokens', 'vectorizer': 'TfidfVectorizer', 'tfidf_max_ngram': 3, 'tfidf_max_df': 0.8408368596875001, 'tfidf_min_df': 115, 'classifier': 'RidgeClassifier', 'ridge_alpha': 4.372576759280506, 'ridge_tol': 0.01593053487607143, 'ridge_solver': 'lsqr'}",0.9035821771912513
22,"{'dataset_column': 'tokens', 'vectorizer': 'TfidfVectorizer', 'tfidf_max_ngram': 3, 'tfidf_max_df': 0.8137039084261514, 'tfidf_min_df': 182, 'classifier': 'RidgeClassifier', 'ridge_alpha': 4.407605099242683, 'ridge_tol': 0.01848885945072179, 'ridge_solver': 'lsqr'}",0.9001081231300032
23,"{'dataset_column': 'tokens', 'vectorizer': 'TfidfVectorizer', 'tfidf_max_ngram': 3, 'tfidf_max_df': 0.7581440900774798, 'tfidf_min_df': 270, 'classifier': 'RidgeClassifier', 'ridge_alpha': 4.472690280987105, 'ridge_tol': 0.015176606323664455, 'ridge_solver': 'lsqr'}",0.8941669344315178
24,"{'dataset_column': 'tokens', 'vectorizer': 'TfidfVectorizer', 'tfidf_max_ngram': 2, 'tfidf_max_df': 0.8131933286762822, 'tfidf_min_df': 87, 'classifier': 'RidgeClassifier', 'ridge_alpha': 6.011272645911475, 'ridge_tol': 0.0158447092435407, 'ridge_solver': 'lsqr'}",0.9031038636091406
25,"{'dataset_column': 'tokens', 'vectorizer': 'TfidfVectorizer', 'tfidf_max_ngram': 2, 'tfidf_max_df': 0.7588007614763935, 'tfidf_min_df': 101, 'classifier': 'RidgeClassifier', 'ridge_alpha': 5.788929935794769, 'ridge_tol': 0.03358596510650726, 'ridge_solver': 'lsqr'}",0.9018451343165532
26,"{'dataset_column': 'tokens', 'vectorizer': 'TfidfVectorizer', 'tfidf_max_ngram': 2, 'tfidf_max_df': 0.8180137315757271, 'tfidf_min_df': 83, 'classifier': 'LinearSVC', 'svc_penalty': 'l2', 'svc_C': 0.9770964729877178, 'svc_tol': 0.005291902527033224, 'svc_max_iter': 13482, 'svc_loss': 'squared_hinge'}",0.900208894609656
27,"{'dataset_column': 'tokens', 'vectorizer': 'TfidfVectorizer', 'tfidf_max_ngram': 2, 'tfidf_max_df': 0.8773377279919835, 'tfidf_min_df': 283, 'classifier': 'RidgeClassifier', 'ridge_alpha': 6.1668728933459995, 'ridge_tol': 0.011921462089449712, 'ridge_solver': 'lsqr'}",0.8931599516312108
28,"{'dataset_column': 'tokens', 'vectorizer': 'TfidfVectorizer', 'tfidf_max_ngram': 1, 'tfidf_max_df': 0.7702876072649141, 'tfidf_min_df': 79, 'classifier': 'RidgeClassifier', 'ridge_alpha': 3.821686730779753, 'ridge_tol': 0.0386009986821049, 'ridge_solver': 'lsqr'}",0.891850974442241
29,"{'dataset_column': 'lemmatized_tokens_without_stop_words', 'vectorizer': 'Word2VecVectorizer', 'w2v_vector_size': 292, 'w2v_window': 10, 'w2v_min_count': 1, 'w2v_epochs': 5, 'classifier': 'RidgeClassifier', 'ridge_alpha': 7.769510566472965, 'ridge_tol': 0.023729815923358953, 'ridge_solver': 'lsqr'}",0.8525791744223408
30,"{'dataset_column': 'tokens_without_stop_words', 'vectorizer': 'TfidfVectorizer', 'tfidf_max_ngram': 2, 'tfidf_max_df': 0.8239246685534619, 'tfidf_min_df': 327, 'classifier': 'RidgeClassifier', 'ridge_alpha': 5.555424708110691, 'ridge_tol': 0.0533012876151667, 'ridge_solver': 'cholesky'}",0.8788860380118348
31,"{'dataset_column': 'tokens', 'vectorizer': 'TfidfVectorizer', 'tfidf_max_ngram': 2, 'tfidf_max_df': 0.748647230807227, 'tfidf_min_df': 89, 'classifier': 'RidgeClassifier', 'ridge_alpha': 5.3388958233171255, 'ridge_tol': 0.032538714181742937, 'ridge_solver': 'lsqr'}",0.9033304085172672
32,"{'dataset_column': 'tokens', 'vectorizer': 'TfidfVectorizer', 'tfidf_max_ngram': 2, 'tfidf_max_df': 0.7301820343032739, 'tfidf_min_df': 146, 'classifier': 'RidgeClassifier', 'ridge_alpha': 4.869195999621858, 'ridge_tol': 0.021042152941346464, 'ridge_solver': 'lsqr'}",0.9005864303744842
33,"{'dataset_column': 'tokens', 'vectorizer': 'TfidfVectorizer', 'tfidf_max_ngram': 2, 'tfidf_max_df': 0.8719296820520558, 'tfidf_min_df': 77, 'classifier': 'RidgeClassifier', 'ridge_alpha': 6.518065412966637, 'ridge_tol': 0.009316811285483874, 'ridge_solver': 'lsqr'}",0.903380811685575
34,"{'dataset_column': 'tokens', 'vectorizer': 'Word2VecVectorizer', 'w2v_vector_size': 228, 'w2v_window': 4, 'w2v_min_count': 5, 'w2v_epochs': 5, 'classifier': 'LinearSVC', 'svc_penalty': 'l2', 'svc_C': 99.62942731124336, 'svc_tol': 0.09477886678730323, 'svc_max_iter': 19920, 'svc_loss': 'hinge'}",0.8560028158088369
35,"{'dataset_column': 'lemmatized_tokens_without_stop_words', 'vectorizer': 'TfidfVectorizer', 'tfidf_max_ngram': 2, 'tfidf_max_df': 0.9299395799802888, 'tfidf_min_df': 556, 'classifier': 'RidgeClassifier', 'ridge_alpha': 6.436801854428484, 'ridge_tol': 0.009434992738079954, 'ridge_solver': 'svd'}",-inf
36,"{'dataset_column': 'tokens', 'vectorizer': 'Word2VecVectorizer', 'w2v_vector_size': 237, 'w2v_window': 4, 'w2v_min_count': 7, 'w2v_epochs': 30, 'classifier': 'RidgeClassifier', 'ridge_alpha': 7.565894602106156, 'ridge_tol': 0.008211644499188988, 'ridge_solver': 'lsqr'}",0.8709814865163761
37,"{'dataset_column': 'tokens', 'vectorizer': 'TfidfVectorizer', 'tfidf_max_ngram': 1, 'tfidf_max_df': 0.867077482761395, 'tfidf_min_df': 55, 'classifier': 'LinearSVC', 'svc_penalty': 'l1', 'svc_C': 9.507206719554752, 'svc_tol': 0.030412149857042235, 'svc_max_iter': 10411}",0.8528559133569982
38,"{'dataset_column': 'tokens', 'vectorizer': 'TfidfVectorizer', 'tfidf_max_ngram': 2, 'tfidf_max_df': 0.8971642344858617, 'tfidf_min_df': 201, 'classifier': 'RidgeClassifier', 'ridge_alpha': 6.474257941736718, 'ridge_tol': 0.005335274386109458, 'ridge_solver': 'lsqr'}",0.8969864951450589
39,"{'dataset_column': 'tokens_without_stop_words', 'vectorizer': 'Word2VecVectorizer', 'w2v_vector_size': 57, 'w2v_window': 8, 'w2v_min_count': 1, 'w2v_epochs': 11, 'classifier': 'RidgeClassifier', 'ridge_alpha': 8.65617834878501, 'ridge_tol': 0.031411031896713876, 'ridge_solver': 'lsqr'}",0.8566825424288458
40,"{'dataset_column': 'corrected_tokens', 'vectorizer': 'TfidfVectorizer', 'tfidf_max_ngram': 2, 'tfidf_max_df': 0.8542914865778105, 'tfidf_min_df': 154, 'classifier': 'RidgeClassifier', 'ridge_alpha': 3.779534676395995, 'ridge_tol': 0.00110149954954431, 'ridge_solver': 'lsqr'}",0.900259243908112
41,"{'dataset_column': 'tokens', 'vectorizer': 'TfidfVectorizer', 'tfidf_max_ngram': 2, 'tfidf_max_df': 0.8106693256471725, 'tfidf_min_df': 99, 'classifier': 'RidgeClassifier', 'ridge_alpha': 5.131221319004609, 'ridge_tol': 0.02023543953654971, 'ridge_solver': 'lsqr'}",0.9031793637907137
42,"{'dataset_column': 'tokens', 'vectorizer': 'TfidfVectorizer', 'tfidf_max_ngram': 2, 'tfidf_max_df': 0.8083634997363653, 'tfidf_min_df': 57, 'classifier': 'RidgeClassifier', 'ridge_alpha': 5.199997469299139, 'ridge_tol': 0.020983784599702654, 'ridge_solver': 'lsqr'}",0.9057723764273135
43,"{'dataset_column': 'tokens', 'vectorizer': 'TfidfVectorizer', 'tfidf_max_ngram': 2, 'tfidf_max_df': 0.777444507395316, 'tfidf_min_df': 42, 'classifier': 'RidgeClassifier', 'ridge_alpha': 5.3253248976316705, 'ridge_tol': 0.02336789632107577, 'ridge_solver': 'auto'}",0.9068045893311074
44,"{'dataset_column': 'tokens', 'vectorizer': 'TfidfVectorizer', 'tfidf_max_ngram': 2, 'tfidf_max_df': 0.7296367843927555, 'tfidf_min_df': 42, 'classifier': 'RidgeClassifier', 'ridge_alpha': 7.016709954289144, 'ridge_tol': 0.03795895684685559, 'ridge_solver': 'auto'}",0.9047906205616789
45,"{'dataset_column': 'corrected_tokens', 'vectorizer': 'TfidfVectorizer', 'tfidf_max_ngram': 1, 'tfidf_max_df': 0.7204120544735039, 'tfidf_min_df': 45, 'classifier': 'RidgeClassifier', 'ridge_alpha': 7.2051861019517345, 'ridge_tol': 0.045541059310353155, 'ridge_solver': 'auto'}",0.8919768809609367
46,"{'dataset_column': 'tokens', 'vectorizer': 'TfidfVectorizer', 'tfidf_max_ngram': 2, 'tfidf_max_df': 0.700976640632499, 'tfidf_min_df': 44, 'classifier': 'LinearSVC', 'svc_penalty': 'l1', 'svc_C': 66.01013752549218, 'svc_tol': 0.07883350831979442, 'svc_max_iter': 1657}",0.8788107057774466
47,"{'dataset_column': 'tokens_without_stop_words', 'vectorizer': 'Word2VecVectorizer', 'w2v_vector_size': 204, 'w2v_window': 4, 'w2v_min_count': 4, 'w2v_epochs': 24, 'classifier': 'RidgeClassifier', 'ridge_alpha': 6.709499758867565, 'ridge_tol': 0.024171397376931164, 'ridge_solver': 'auto'}",0.8762428598680378
48,"{'dataset_column': 'lemmatized_tokens_without_stop_words', 'vectorizer': 'TfidfVectorizer', 'tfidf_max_ngram': 2, 'tfidf_max_df': 0.7777391361756298, 'tfidf_min_df': 8, 'classifier': 'RidgeClassifier', 'ridge_alpha': 3.9265924887498755, 'ridge_tol': 0.03855717486382526, 'ridge_solver': 'auto'}",0.9023989702619406
49,"{'dataset_column': 'tokens', 'vectorizer': 'TfidfVectorizer', 'tfidf_max_ngram': 2, 'tfidf_max_df': 0.7334920706675465, 'tfidf_min_df': 148, 'classifier': 'RidgeClassifier', 'ridge_alpha': 9.068588293284833, 'ridge_tol': 0.08869638758712994, 'ridge_solver': 'auto'}",0.8946200876240671
50,"{'dataset_column': 'tokens', 'vectorizer': 'TfidfVectorizer', 'tfidf_max_ngram': 2, 'tfidf_max_df': 0.8604460697165746, 'tfidf_min_df': 490, 'classifier': 'RidgeClassifier', 'ridge_alpha': 7.261553347656167, 'ridge_tol': 0.02620079040587182, 'ridge_solver': 'auto'}",0.8817811401015415
51,"{'dataset_column': 'tokens', 'vectorizer': 'TfidfVectorizer', 'tfidf_max_ngram': 2, 'tfidf_max_df': 0.7472542763076033, 'tfidf_min_df': 58, 'classifier': 'RidgeClassifier', 'ridge_alpha': 5.125337193188573, 'ridge_tol': 0.03776022213267827, 'ridge_solver': 'auto'}",0.9074338937699199
52,"{'dataset_column': 'tokens', 'vectorizer': 'TfidfVectorizer', 'tfidf_max_ngram': 2, 'tfidf_max_df': 0.7462096117414706, 'tfidf_min_df': 48, 'classifier': 'RidgeClassifier', 'ridge_alpha': 5.727845196223065, 'ridge_tol': 0.04951332860772332, 'ridge_solver': 'auto'}",0.9061751993342954
53,"{'dataset_column': 'tokens', 'vectorizer': 'TfidfVectorizer', 'tfidf_max_ngram': 2, 'tfidf_max_df': 0.7580331055463904, 'tfidf_min_df': 3, 'classifier': 'RidgeClassifier', 'ridge_alpha': 5.6290930814327576, 'ridge_tol': 0.06041283362487774, 'ridge_solver': 'auto'}",0.9050423860668481
54,"{'dataset_column': 'tokens', 'vectorizer': 'TfidfVectorizer', 'tfidf_max_ngram': 2, 'tfidf_max_df': 0.7444990425867435, 'tfidf_min_df': 4, 'classifier': 'RidgeClassifier', 'ridge_alpha': 5.59562524282989, 'ridge_tol': 0.06358989041148111, 'ridge_solver': 'auto'}",0.9056969269467773
55,"{'dataset_column': 'lemmatized_tokens', 'vectorizer': 'TfidfVectorizer', 'tfidf_max_ngram': 2, 'tfidf_max_df': 0.7548673036734127, 'tfidf_min_df': 14, 'classifier': 'RidgeClassifier', 'ridge_alpha': 5.59749732363032, 'ridge_tol': 0.06403511404764901, 'ridge_solver': 'auto'}",0.9056969079338882
56,"{'dataset_column': 'lemmatized_tokens', 'vectorizer': 'TfidfVectorizer', 'tfidf_max_ngram': 2, 'tfidf_max_df': 0.7755692288744679, 'tfidf_min_df': 1, 'classifier': 'RidgeClassifier', 'ridge_alpha': 5.333684200085247, 'ridge_tol': 0.06921078205822313, 'ridge_solver': 'auto'}",0.9013921459023738
57,"{'dataset_column': 'lemmatized_tokens', 'vectorizer': 'TfidfVectorizer', 'tfidf_max_ngram': 2, 'tfidf_max_df': 0.7170598239624787, 'tfidf_min_df': 45, 'classifier': 'LinearSVC', 'svc_penalty': 'l2', 'svc_C': 73.7878192376584, 'svc_tol': 0.02692049897696194, 'svc_max_iter': 14457, 'svc_loss': 'hinge'}",0.8798931443959193
58,"{'dataset_column': 'lemmatized_tokens', 'vectorizer': 'TfidfVectorizer', 'tfidf_max_ngram': 2, 'tfidf_max_df': 0.7458668560269336, 'tfidf_min_df': 57, 'classifier': 'RidgeClassifier', 'ridge_alpha': 6.0393147571083245, 'ridge_tol': 0.06777040799847064, 'ridge_solver': 'auto'}",0.9028018755581074
59,"{'dataset_column': 'lemmatized_tokens', 'vectorizer': 'TfidfVectorizer', 'tfidf_max_ngram': 2, 'tfidf_max_df': 0.7453215967687644, 'tfidf_min_df': 32, 'classifier': 'RidgeClassifier', 'ridge_alpha': 4.1362616837976995, 'ridge_tol': 0.051029558649255256, 'ridge_solver': 'auto'}",0.9068297212013358
60,"{'dataset_column': 'lemmatized_tokens', 'vectorizer': 'TfidfVectorizer', 'tfidf_max_ngram': 2, 'tfidf_max_df': 0.740976751154567, 'tfidf_min_df': 127, 'classifier': 'RidgeClassifier', 'ridge_alpha': 2.9069868554263056, 'ridge_tol': 0.049453917924668786, 'ridge_solver': 'auto'}",0.9003347377520553
61,"{'dataset_column': 'lemmatized_tokens', 'vectorizer': 'TfidfVectorizer', 'tfidf_max_ngram': 2, 'tfidf_max_df': 0.78708179089734, 'tfidf_min_df': 26, 'classifier': 'RidgeClassifier', 'ridge_alpha': 4.079558776709752, 'ridge_tol': 0.08061117094872552, 'ridge_solver': 'auto'}",0.904966870041201
62,"{'dataset_column': 'lemmatized_tokens', 'vectorizer': 'TfidfVectorizer', 'tfidf_max_ngram': 2, 'tfidf_max_df': 0.7651317161197277, 'tfidf_min_df': 25, 'classifier': 'RidgeClassifier', 'ridge_alpha': 4.8969879456831755, 'ridge_tol': 0.05587522052690095, 'ridge_solver': 'auto'}",0.9048913318338501
63,"{'dataset_column': 'lemmatized_tokens', 'vectorizer': 'TfidfVectorizer', 'tfidf_max_ngram': 2, 'tfidf_max_df': 0.7456924975836229, 'tfidf_min_df': 63, 'classifier': 'RidgeClassifier', 'ridge_alpha': 5.393017083299067, 'ridge_tol': 0.06184951172165712, 'ridge_solver': 'saga'}",0.9036073946194791
64,"{'dataset_column': 'lemmatized_tokens', 'vectorizer': 'TfidfVectorizer', 'tfidf_max_ngram': 2, 'tfidf_max_df': 0.8016702281635758, 'tfidf_min_df': 187, 'classifier': 'RidgeClassifier', 'ridge_alpha': 3.2632629758534417, 'ridge_tol': 0.04856104105897127, 'ridge_solver': 'auto'}",0.8973640530915908
65,"{'dataset_column': 'corrected_tokens', 'vectorizer': 'TfidfVectorizer', 'tfidf_max_ngram': 2, 'tfidf_max_df': 0.7162713051546471, 'tfidf_min_df': 24, 'classifier': 'RidgeClassifier', 'ridge_alpha': 4.55131364588601, 'ridge_tol': 0.053936398746104224, 'ridge_solver': 'sparse_cg'}",0.9067543224218365
66,"{'dataset_column': 'corrected_tokens', 'vectorizer': 'TfidfVectorizer', 'tfidf_max_ngram': 2, 'tfidf_max_df': 0.7077616217605756, 'tfidf_min_df': 132, 'classifier': 'RidgeClassifier', 'ridge_alpha': 2.2679317832075534, 'ridge_tol': 0.053015260519956225, 'ridge_solver': 'sparse_cg'}",0.9012158457218147
67,"{'dataset_column': 'corrected_tokens', 'vectorizer': 'Word2VecVectorizer', 'w2v_vector_size': 300, 'w2v_window': 3, 'w2v_min_count': 8, 'w2v_epochs': 10, 'classifier': 'RidgeClassifier', 'ridge_alpha': 4.584323527684137, 'ridge_tol': 0.04631349574406525, 'ridge_solver': 'sparse_cg'}",0.8560531334191449
68,"{'dataset_column': 'corrected_tokens', 'vectorizer': 'TfidfVectorizer', 'tfidf_max_ngram': 2, 'tfidf_max_df': 0.9981414836164512, 'tfidf_min_df': 743, 'classifier': 'RidgeClassifier', 'ridge_alpha': 3.3771615135262696, 'ridge_tol': 0.058164222897366724, 'ridge_solver': 'sparse_cg'}",0.8652667856873508
69,"{'dataset_column': 'corrected_tokens', 'vectorizer': 'TfidfVectorizer', 'tfidf_max_ngram': 2, 'tfidf_max_df': 0.7148563700636005, 'tfidf_min_df': 30, 'classifier': 'RidgeClassifier', 'ridge_alpha': 4.182567190266699, 'ridge_tol': 0.041728708684157206, 'ridge_solver': 'cholesky'}",
70,"{'dataset_column': 'corrected_tokens', 'vectorizer': 'TfidfVectorizer', 'tfidf_max_ngram': 2, 'tfidf_max_df': 0.7212335180960832, 'tfidf_min_df': 74, 'classifier': 'RidgeClassifier', 'ridge_alpha': 4.173575385889127, 'ridge_tol': 0.0541925616257668, 'ridge_solver': 'cholesky'}",0.9040857620714415
71,"{'dataset_column': 'tokens', 'vectorizer': 'TfidfVectorizer', 'tfidf_max_ngram': 2, 'tfidf_max_df': 0.7818927743870197, 'tfidf_min_df': 121, 'classifier': 'LinearSVC', 'svc_penalty': 'l1', 'svc_C': 19.526040776594648, 'svc_tol': 0.027319972134529028, 'svc_max_iter': 6563}",0.8650403516877425
72,"{'dataset_column': 'lemmatized_tokens', 'vectorizer': 'TfidfVectorizer', 'tfidf_max_ngram': 2, 'tfidf_max_df': 0.755607483637643, 'tfidf_min_df': 25, 'classifier': 'RidgeClassifier', 'ridge_alpha': 5.986242703892577, 'ridge_tol': 0.06296817259861615, 'ridge_solver': 'sag'}",0.9048913318338501
73,"{'dataset_column': 'lemmatized_tokens_without_stop_words', 'vectorizer': 'TfidfVectorizer', 'tfidf_max_ngram': 2, 'tfidf_max_df': 0.7386201338993948, 'tfidf_min_df': 1, 'classifier': 'RidgeClassifier', 'ridge_alpha': 5.189900789090643, 'ridge_tol': 0.06665480060172259, 'ridge_solver': 'svd'}",-inf
74,"{'dataset_column': 'tokens_without_stop_words', 'vectorizer': 'TfidfVectorizer', 'tfidf_max_ngram': 2, 'tfidf_max_df': 0.7655678894365181, 'tfidf_min_df': 29, 'classifier': 'RidgeClassifier', 'ridge_alpha': 4.813954661967863, 'ridge_tol': 0.04147693862358414, 'ridge_solver': 'auto'}",0.9023235049373304
75,"{'dataset_column': 'tokens', 'vectorizer': 'TfidfVectorizer', 'tfidf_max_ngram': 2, 'tfidf_max_df': 0.7136102308824301, 'tfidf_min_df': 395, 'classifier': 'RidgeClassifier', 'ridge_alpha': 5.691877301250246, 'ridge_tol': 0.07232307698409166, 'ridge_solver': 'auto'}",0.8859852795876992
76,"{'dataset_column': 'corrected_tokens', 'vectorizer': 'TfidfVectorizer', 'tfidf_max_ngram': 2, 'tfidf_max_df': 0.7954951319310424, 'tfidf_min_df': 97, 'classifier': 'RidgeClassifier', 'ridge_alpha': 4.466225321895224, 'ridge_tol': 0.05857254491077569, 'ridge_solver': 'sparse_cg'}",0.9023990304694219
77,"{'dataset_column': 'tokens', 'vectorizer': 'TfidfVectorizer', 'tfidf_max_ngram': 2, 'tfidf_max_df': 0.7510065649356898, 'tfidf_min_df': 68, 'classifier': 'RidgeClassifier', 'ridge_alpha': 0.4856557523964993, 'ridge_tol': 0.04194592046464109, 'ridge_solver': 'auto'}",0.8961055234343362
78,"{'dataset_column': 'tokens', 'vectorizer': 'TfidfVectorizer', 'tfidf_max_ngram': 2, 'tfidf_max_df': 0.7663786064368686, 'tfidf_min_df': 30, 'classifier': 'RidgeClassifier', 'ridge_alpha': 6.276222851632767, 'ridge_tol': 0.0514453852539349, 'ridge_solver': 'saga'}",0.9063766282162679
79,"{'dataset_column': 'tokens', 'vectorizer': 'TfidfVectorizer', 'tfidf_max_ngram': 2, 'tfidf_max_df': 0.7678369799278307, 'tfidf_min_df': 223, 'classifier': 'RidgeClassifier', 'ridge_alpha': 6.230056976318743, 'ridge_tol': 0.051745282742987925, 'ridge_solver': 'saga'}",0.8958284929687167
80,"{'dataset_column': 'tokens', 'vectorizer': 'Word2VecVectorizer', 'w2v_vector_size': 131, 'w2v_window': 6, 'w2v_min_count': 3, 'w2v_epochs': 23, 'classifier': 'RidgeClassifier', 'ridge_alpha': 3.5864119951518667, 'ridge_tol': 0.04818124529392857, 'ridge_solver': 'saga'}",0.8651410376093954
81,"{'dataset_column': 'tokens', 'vectorizer': 'TfidfVectorizer', 'tfidf_max_ngram': 1, 'tfidf_max_df': 0.739091981989945, 'tfidf_min_df': 66, 'classifier': 'RidgeClassifier', 'ridge_alpha': 5.0746199318708625, 'ridge_tol': 0.028167326144045293, 'ridge_solver': 'saga'}",0.8939404212115394
82,"{'dataset_column': 'tokens', 'vectorizer': 'TfidfVectorizer', 'tfidf_max_ngram': 2, 'tfidf_max_df': 0.7530812451320316, 'tfidf_min_df': 28, 'classifier': 'RidgeClassifier', 'ridge_alpha': 5.6661170491290616, 'ridge_tol': 0.0649037892289561, 'ridge_solver': 'cholesky'}",
83,"{'dataset_column': 'tokens', 'vectorizer': 'TfidfVectorizer', 'tfidf_max_ngram': 2, 'tfidf_max_df': 0.7537055239835673, 'tfidf_min_df': 23, 'classifier': 'RidgeClassifier', 'ridge_alpha': 5.837331608896507, 'ridge_tol': 0.07546823611857087, 'ridge_solver': 'cholesky'}",
84,"{'dataset_column': 'tokens', 'vectorizer': 'TfidfVectorizer', 'tfidf_max_ngram': 2, 'tfidf_max_df': 0.7247680740517104, 'tfidf_min_df': 38, 'classifier': 'RidgeClassifier', 'ridge_alpha': 5.894234156171873, 'ridge_tol': 0.07657784297417161, 'ridge_solver': 'cholesky'}",
85,"{'dataset_column': 'tokens', 'vectorizer': 'TfidfVectorizer', 'tfidf_max_ngram': 2, 'tfidf_max_df': 0.7268848765689873, 'tfidf_min_df': 25, 'classifier': 'RidgeClassifier', 'ridge_alpha': 5.635479452207435, 'ridge_tol': 0.06443188578269954, 'ridge_solver': 'cholesky'}",
86,"{'dataset_column': 'tokens', 'vectorizer': 'TfidfVectorizer', 'tfidf_max_ngram': 2, 'tfidf_max_df': 0.7260972486572175, 'tfidf_min_df': 25, 'classifier': 'RidgeClassifier', 'ridge_alpha': 5.663410745576768, 'ridge_tol': 0.06548289612498526, 'ridge_solver': 'cholesky'}",
87,"{'dataset_column': 'tokens', 'vectorizer': 'TfidfVectorizer', 'tfidf_max_ngram': 2, 'tfidf_max_df': 0.7255394223913865, 'tfidf_min_df': 25, 'classifier': 'RidgeClassifier', 'ridge_alpha': 5.854985493185983, 'ridge_tol': 0.06478414144503176, 'ridge_solver': 'cholesky'}",
88,"{'dataset_column': 'tokens', 'vectorizer': 'TfidfVectorizer', 'tfidf_max_ngram': 2, 'tfidf_max_df': 0.7289763249483973, 'tfidf_min_df': 25, 'classifier': 'RidgeClassifier', 'ridge_alpha': 4.781178791824987, 'ridge_tol': 0.06550571083198728, 'ridge_solver': 'cholesky'}",
0,"{'dataset_column': 'corrected_tokens', 'vectorizer': 'Word2VecVectorizer', 'w2v_vector_size': 102, 'w2v_window': 7, 'w2v_min_count': 1, 'w2v_epochs': 9, 'classifier': 'LinearSVC', 'svc_penalty': 'l1', 'svc_C': 85.10906497781235, 'svc_tol': 0.0223027607648673, 'svc_max_iter': 18876}",0.8567581630253815
1,"{'dataset_column': 'tokens', 'vectorizer': 'TfidfVectorizer', 'tfidf_max_ngram': 3, 'tfidf_max_df': 0.8486403421241941, 'tfidf_min_df': 466, 'classifier': 'LinearSVC', 'svc_penalty': 'l1', 'svc_C': 2.434071321436037, 'svc_tol': 0.099705978106513, 'svc_max_iter': 1129}",0.8770484296304465
2,"{'dataset_column': 'corrected_tokens', 'vectorizer': 'Word2VecVectorizer', 'w2v_vector_size': 199, 'w2v_window': 8, 'w2v_min_count': 8, 'w2v_epochs': 9, 'classifier': 'RidgeClassifier', 'ridge_alpha': 9.968177245591532, 'ridge_tol': 0.005550817851468299, 'ridge_solver': 'saga'}",0.8663494144347119
3,"{'dataset_column': 'lemmatized_tokens_without_stop_words', 'vectorizer': 'TfidfVectorizer', 'tfidf_max_ngram': 2, 'tfidf_max_df': 0.9466581874673181, 'tfidf_min_df': 481, 'classifier': 'RidgeClassifier', 'ridge_alpha': 3.229423783515686, 'ridge_tol': 0.08343914433033868, 'ridge_solver': 'saga'}",0.867129662198004
4,"{'dataset_column': 'lemmatized_tokens_without_stop_words', 'vectorizer': 'Word2VecVectorizer', 'w2v_vector_size': 285, 'w2v_window': 8, 'w2v_min_count': 5, 'w2v_epochs': 11, 'classifier': 'LinearSVC', 'svc_penalty': 'l2', 'svc_C': 38.25468895254466, 'svc_tol': 0.002768017477222351, 'svc_max_iter': 5654, 'svc_loss': 'squared_hinge'}",0.8787352119335031
5,"{'dataset_column': 'lemmatized_tokens', 'vectorizer': 'TfidfVectorizer', 'tfidf_max_ngram': 1, 'tfidf_max_df': 0.9141338527170756, 'tfidf_min_df': 670, 'classifier': 'RidgeClassifier', 'ridge_alpha': 4.92056518345129, 'ridge_tol': 0.02580251883710226, 'ridge_solver': 'svd'}",-inf
6,"{'dataset_column': 'lemmatized_tokens_without_stop_words', 'vectorizer': 'Word2VecVectorizer', 'w2v_vector_size': 65, 'w2v_window': 5, 'w2v_min_count': 2, 'w2v_epochs': 10, 'classifier': 'LinearSVC', 'svc_penalty': 'l1', 'svc_C': 93.64621418640739, 'svc_tol': 0.0184459833869263, 'svc_max_iter': 16626}",0.8600307470100648
7,"{'dataset_column': 'tokens', 'vectorizer': 'Word2VecVectorizer', 'w2v_vector_size': 264, 'w2v_window': 2, 'w2v_min_count': 3, 'w2v_epochs': 21, 'classifier': 'LinearSVC', 'svc_penalty': 'l2', 'svc_C': 89.49859262706414, 'svc_tol': 0.05156883380747305, 'svc_max_iter': 19288, 'svc_loss': 'squared_hinge'}",0.8688919858772263
8,"{'dataset_column': 'lemmatized_tokens', 'vectorizer': 'TfidfVectorizer', 'tfidf_max_ngram': 2, 'tfidf_max_df': 0.8629953583001747, 'tfidf_min_df': 643, 'classifier': 'LinearSVC', 'svc_penalty': 'l2', 'svc_C': 46.343603326399645, 'svc_tol': 0.05811079518950016, 'svc_max_iter': 6714, 'svc_loss': 'squared_hinge'}",0.8700751928065369
9,"{'dataset_column': 'lemmatized_tokens', 'vectorizer': 'Word2VecVectorizer', 'w2v_vector_size': 208, 'w2v_window': 8, 'w2v_min_count': 7, 'w2v_epochs': 5, 'classifier': 'LinearSVC', 'svc_penalty': 'l1', 'svc_C': 25.30446173916655, 'svc_tol': 0.06400294417079146, 'svc_max_iter': 4748}",0.855625238849416
10,"{'dataset_column': 'tokens_without_stop_words', 'vectorizer': 'Word2VecVectorizer', 'w2v_vector_size': 300, 'w2v_window': 10, 'w2v_min_count': 10, 'w2v_epochs': 27, 'classifier': 'RidgeClassifier', 'ridge_alpha': 0.0948261270788322, 'ridge_tol': 0.09336271028409891, 'ridge_solver': 'auto'}",0.8853308306033995
11,"{'dataset_column': 'tokens_without_stop_words', 'vectorizer': 'Word2VecVectorizer', 'w2v_vector_size': 277, 'w2v_window': 10, 'w2v_min_count': 10, 'w2v_epochs': 30, 'classifier': 'RidgeClassifier', 'ridge_alpha': 0.03265133023850502, 'ridge_tol': 0.09938848830526914, 'ridge_solver': 'auto'}",0.8853559973305904
12,"{'dataset_column': 'tokens_without_stop_words', 'vectorizer': 'Word2VecVectorizer', 'w2v_vector_size': 297, 'w2v_window': 10, 'w2v_min_count': 10, 'w2v_epochs': 30, 'classifier': 'RidgeClassifier', 'ridge_alpha': 0.6559862895027253, 'ridge_tol': 0.09919682084703736, 'ridge_solver': 'auto'}",0.8865140153510065
13,"{'dataset_column': 'tokens_without_stop_words', 'vectorizer': 'Word2VecVectorizer', 'w2v_vector_size': 234, 'w2v_window': 10, 'w2v_min_count': 10, 'w2v_epochs': 30, 'classifier': 'RidgeClassifier', 'ridge_alpha': 0.4688465417670493, 'ridge_tol': 0.06843583723097785, 'ridge_solver': 'auto'}",0.8843993733351839
14,"{'dataset_column': 'tokens_without_stop_words', 'vectorizer': 'Word2VecVectorizer', 'w2v_vector_size': 154, 'w2v_window': 10, 'w2v_min_count': 8, 'w2v_epochs': 24, 'classifier': 'RidgeClassifier', 'ridge_alpha': 2.333721516842958, 'ridge_tol': 0.09809528044697001, 'ridge_solver': 'cholesky'}",0.8818568082302993
15,"{'dataset_column': 'tokens_without_stop_words', 'vectorizer': 'Word2VecVectorizer', 'w2v_vector_size': 252, 'w2v_window': 4, 'w2v_min_count': 10, 'w2v_epochs': 30, 'classifier': 'RidgeClassifier', 'ridge_alpha': 1.936895980441461, 'ridge_tol': 0.056869977165951956, 'ridge_solver': 'lsqr'}",0.8693200515629546
16,"{'dataset_column': 'tokens_without_stop_words', 'vectorizer': 'Word2VecVectorizer', 'w2v_vector_size': 152, 'w2v_window': 1, 'w2v_min_count': 6, 'w2v_epochs': 17, 'classifier': 'RidgeClassifier', 'ridge_alpha': 7.529951982375141, 'ridge_tol': 0.07594418019198665, 'ridge_solver': 'sparse_cg'}",0.8502379494726142
17,"{'dataset_column': 'tokens_without_stop_words', 'vectorizer': 'Word2VecVectorizer', 'w2v_vector_size': 294, 'w2v_window': 7, 'w2v_min_count': 8, 'w2v_epochs': 24, 'classifier': 'RidgeClassifier', 'ridge_alpha': 0.10676074302522853, 'ridge_tol': 0.03858333012897215, 'ridge_solver': 'sag'}",0.8834931176511225
18,"{'dataset_column': 'tokens_without_stop_words', 'vectorizer': 'TfidfVectorizer', 'tfidf_max_ngram': 1, 'tfidf_max_df': 0.7086187542580658, 'tfidf_min_df': 17, 'classifier': 'RidgeClassifier', 'ridge_alpha': 3.9468422808080623, 'ridge_tol': 0.09958326170361918, 'ridge_solver': 'auto'}",0.8960550442144729
19,"{'dataset_column': 'tokens_without_stop_words', 'vectorizer': 'TfidfVectorizer', 'tfidf_max_ngram': 1, 'tfidf_max_df': 0.7136813792711248, 'tfidf_min_df': 6, 'classifier': 'RidgeClassifier', 'ridge_alpha': 5.047584906776805, 'ridge_tol': 0.06306173586609654, 'ridge_solver': 'auto'}",0.8984718453973283
20,"{'dataset_column': 'tokens', 'vectorizer': 'TfidfVectorizer', 'tfidf_max_ngram': 1, 'tfidf_max_df': 0.7086349646829865, 'tfidf_min_df': 9, 'classifier': 'RidgeClassifier', 'ridge_alpha': 5.252502684849862, 'ridge_tol': 0.05212472789350237, 'ridge_solver': 'auto'}",0.8983207848267007
21,"{'dataset_column': 'tokens', 'vectorizer': 'TfidfVectorizer', 'tfidf_max_ngram': 1, 'tfidf_max_df': 0.7054309709064782, 'tfidf_min_df': 30, 'classifier': 'RidgeClassifier', 'ridge_alpha': 5.100524807286935, 'ridge_tol': 0.0537877705667115, 'ridge_solver': 'auto'}",0.8964579019784178
22,"{'dataset_column': 'tokens', 'vectorizer': 'TfidfVectorizer', 'tfidf_max_ngram': 1, 'tfidf_max_df': 0.7090524988625249, 'tfidf_min_df': 9, 'classifier': 'RidgeClassifier', 'ridge_alpha': 6.4051760879033015, 'ridge_tol': 0.05275944306489269, 'ridge_solver': 'auto'}",0.8969110298204486
23,"{'dataset_column': 'tokens', 'vectorizer': 'TfidfVectorizer', 'tfidf_max_ngram': 1, 'tfidf_max_df': 0.7646463281172471, 'tfidf_min_df': 147, 'classifier': 'RidgeClassifier', 'ridge_alpha': 6.670603758299543, 'ridge_tol': 0.040237197049855955, 'ridge_solver': 'auto'}",0.8898369803222937
24,"{'dataset_column': 'tokens', 'vectorizer': 'TfidfVectorizer', 'tfidf_max_ngram': 1, 'tfidf_max_df': 0.7716847009642731, 'tfidf_min_df': 190, 'classifier': 'RidgeClassifier', 'ridge_alpha': 6.581460112672497, 'ridge_tol': 0.0640541057504771, 'ridge_solver': 'sag'}",0.8871432754264117
25,"{'dataset_column': 'tokens', 'vectorizer': 'TfidfVectorizer', 'tfidf_max_ngram': 1, 'tfidf_max_df': 0.7599700894777754, 'tfidf_min_df': 173, 'classifier': 'RidgeClassifier', 'ridge_alpha': 6.007404598707595, 'ridge_tol': 0.04543611680409995, 'ridge_solver': 'cholesky'}",0.8883013504854942
26,"{'dataset_column': 'tokens', 'vectorizer': 'TfidfVectorizer', 'tfidf_max_ngram': 2, 'tfidf_max_df': 0.7010547671024161, 'tfidf_min_df': 1, 'classifier': 'RidgeClassifier', 'ridge_alpha': 7.598312470033725, 'ridge_tol': 0.032763911340154286, 'ridge_solver': 'lsqr'}",0.8958537801108705
27,"{'dataset_column': 'tokens', 'vectorizer': 'TfidfVectorizer', 'tfidf_max_ngram': 1, 'tfidf_max_df': 0.7526208526963512, 'tfidf_min_df': 128, 'classifier': 'RidgeClassifier', 'ridge_alpha': 4.986804463797509, 'ridge_tol': 0.06329260716495988, 'ridge_solver': 'sparse_cg'}",0.8896104354141674
28,"{'dataset_column': 'corrected_tokens', 'vectorizer': 'TfidfVectorizer', 'tfidf_max_ngram': 2, 'tfidf_max_df': 0.8109693390335723, 'tfidf_min_df': 288, 'classifier': 'RidgeClassifier', 'ridge_alpha': 8.32666377185073, 'ridge_tol': 0.02196019480351382, 'ridge_solver': 'svd'}",-inf
29,"{'dataset_column': 'corrected_tokens', 'vectorizer': 'TfidfVectorizer', 'tfidf_max_ngram': 3, 'tfidf_max_df': 0.7325604025028278, 'tfidf_min_df': 85, 'classifier': 'RidgeClassifier', 'ridge_alpha': 3.8282069688341336, 'ridge_tol': 0.052086930029257454, 'ridge_solver': 'auto'}",0.9060745546072348
30,"{'dataset_column': 'corrected_tokens', 'vectorizer': 'TfidfVectorizer', 'tfidf_max_ngram': 3, 'tfidf_max_df': 0.7403381052017223, 'tfidf_min_df': 96, 'classifier': 'RidgeClassifier', 'ridge_alpha': 3.8171696251944907, 'ridge_tol': 0.07518300099575911, 'ridge_solver': 'auto'}",0.9046144566401564
31,"{'dataset_column': 'corrected_tokens', 'vectorizer': 'TfidfVectorizer', 'tfidf_max_ngram': 3, 'tfidf_max_df': 0.7381979702793904, 'tfidf_min_df': 100, 'classifier': 'RidgeClassifier', 'ridge_alpha': 3.883494227055848, 'ridge_tol': 0.07154782743982019, 'ridge_solver': 'auto'}",0.9043627164855055
32,"{'dataset_column': 'corrected_tokens', 'vectorizer': 'TfidfVectorizer', 'tfidf_max_ngram': 3, 'tfidf_max_df': 0.7409994276239742, 'tfidf_min_df': 115, 'classifier': 'RidgeClassifier', 'ridge_alpha': 3.8047561839292823, 'ridge_tol': 0.07922491177639526, 'ridge_solver': 'auto'}",0.902550144909901
33,"{'dataset_column': 'corrected_tokens', 'vectorizer': 'TfidfVectorizer', 'tfidf_max_ngram': 3, 'tfidf_max_df': 0.8074738656647708, 'tfidf_min_df': 265, 'classifier': 'RidgeClassifier', 'ridge_alpha': 3.7927264414153634, 'ridge_tol': 0.08174289776552025, 'ridge_solver': 'auto'}",0.8913726260031675
34,"{'dataset_column': 'corrected_tokens', 'vectorizer': 'TfidfVectorizer', 'tfidf_max_ngram': 3, 'tfidf_max_df': 0.7414839173320502, 'tfidf_min_df': 105, 'classifier': 'RidgeClassifier', 'ridge_alpha': 2.810625359589527, 'ridge_tol': 0.07405737725639852, 'ridge_solver': 'auto'}",0.903985069812159
35,"{'dataset_column': 'corrected_tokens', 'vectorizer': 'TfidfVectorizer', 'tfidf_max_ngram': 3, 'tfidf_max_df': 0.7967551114724284, 'tfidf_min_df': 268, 'classifier': 'LinearSVC', 'svc_penalty': 'l2', 'svc_C': 65.61101759158635, 'svc_tol': 0.0948279618255379, 'svc_max_iter': 12455, 'svc_loss': 'hinge'}",0.8616668948213327
36,"{'dataset_column': 'corrected_tokens', 'vectorizer': 'TfidfVectorizer', 'tfidf_max_ngram': 3, 'tfidf_max_df': 0.731808236618176, 'tfidf_min_df': 88, 'classifier': 'RidgeClassifier', 'ridge_alpha': 2.463243549035568, 'ridge_tol': 0.0720921201445915, 'ridge_solver': 'auto'}",0.905520728168292
37,"{'dataset_column': 'corrected_tokens', 'vectorizer': 'TfidfVectorizer', 'tfidf_max_ngram': 3, 'tfidf_max_df': 0.7856051675275617, 'tfidf_min_df': 212, 'classifier': 'RidgeClassifier', 'ridge_alpha': 1.407764358554561, 'ridge_tol': 0.08797513484420286, 'ridge_solver': 'cholesky'}",0.8943180900665896
38,"{'dataset_column': 'corrected_tokens', 'vectorizer': 'TfidfVectorizer', 'tfidf_max_ngram': 3, 'tfidf_max_df': 0.739173773897184, 'tfidf_min_df': 77, 'classifier': 'LinearSVC', 'svc_penalty': 'l2', 'svc_C': 1.0762498232932458, 'svc_tol': 0.07824059850828859, 'svc_max_iter': 11925, 'svc_loss': 'hinge'}",0.9032046192447194
39,"{'dataset_column': 'corrected_tokens', 'vectorizer': 'TfidfVectorizer', 'tfidf_max_ngram': 3, 'tfidf_max_df': 0.7331800124930418, 'tfidf_min_df': 73, 'classifier': 'RidgeClassifier', 'ridge_alpha': 4.228144225316598, 'ridge_tol': 0.06872142006812322, 'ridge_solver': 'saga'}",0.9058731732574845
40,"{'dataset_column': 'corrected_tokens', 'vectorizer': 'TfidfVectorizer', 'tfidf_max_ngram': 3, 'tfidf_max_df': 0.8527542503016788, 'tfidf_min_df': 832, 'classifier': 'LinearSVC', 'svc_penalty': 'l1', 'svc_C': 68.78663331214572, 'svc_tol': 0.03382033668996863, 'svc_max_iter': 14401}",0.8630011686589005
41,"{'dataset_column': 'corrected_tokens', 'vectorizer': 'TfidfVectorizer', 'tfidf_max_ngram': 3, 'tfidf_max_df': 0.7291214606521803, 'tfidf_min_df': 81, 'classifier': 'RidgeClassifier', 'ridge_alpha': 4.188215142175343, 'ridge_tol': 0.07084123692256508, 'ridge_solver': 'saga'}",0.9055459139083718
42,"{'dataset_column': 'corrected_tokens', 'vectorizer': 'TfidfVectorizer', 'tfidf_max_ngram': 3, 'tfidf_max_df': 0.7354232913763166, 'tfidf_min_df': 84, 'classifier': 'RidgeClassifier', 'ridge_alpha': 3.0495909629414855, 'ridge_tol': 0.06865732844374485, 'ridge_solver': 'saga'}",0.9057472477258999
43,"{'dataset_column': 'lemmatized_tokens_without_stop_words', 'vectorizer': 'TfidfVectorizer', 'tfidf_max_ngram': 3, 'tfidf_max_df': 0.72944694644051, 'tfidf_min_df': 65, 'classifier': 'RidgeClassifier', 'ridge_alpha': 3.0084605060894525, 'ridge_tol': 0.058507189410376186, 'ridge_solver': 'saga'}",0.8939403863545763
44,"{'dataset_column': 'corrected_tokens', 'vectorizer': 'TfidfVectorizer', 'tfidf_max_ngram': 3, 'tfidf_max_df': 0.777637495920285, 'tfidf_min_df': 201, 'classifier': 'RidgeClassifier', 'ridge_alpha': 4.281062760888009, 'ridge_tol': 0.06575410614855917, 'ridge_solver': 'saga'}",0.8972382955071909
45,"{'dataset_column': 'corrected_tokens', 'vectorizer': 'TfidfVectorizer', 'tfidf_max_ngram': 3, 'tfidf_max_df': 0.724451023878017, 'tfidf_min_df': 61, 'classifier': 'RidgeClassifier', 'ridge_alpha': 2.4014184945663732, 'ridge_tol': 0.08635531788910028, 'ridge_solver': 'saga'}",0.9073332934062668
46,"{'dataset_column': 'lemmatized_tokens', 'vectorizer': 'TfidfVectorizer', 'tfidf_max_ngram': 3, 'tfidf_max_df': 0.8272367724156451, 'tfidf_min_df': 444, 'classifier': 'RidgeClassifier', 'ridge_alpha': 1.5695126350798754, 'ridge_tol': 0.08657948458701968, 'ridge_solver': 'saga'}",0.8813280756358068
47,"{'dataset_column': 'corrected_tokens', 'vectorizer': 'TfidfVectorizer', 'tfidf_max_ngram': 2, 'tfidf_max_df': 0.760369588337446, 'tfidf_min_df': 59, 'classifier': 'LinearSVC', 'svc_penalty': 'l2', 'svc_C': 23.53804549476599, 'svc_tol': 0.07362822361833755, 'svc_max_iter': 9204, 'svc_loss': 'hinge'}",0.8737004183469306
48,"{'dataset_column': 'corrected_tokens', 'vectorizer': 'TfidfVectorizer', 'tfidf_max_ngram': 3, 'tfidf_max_df': 0.9986915358056689, 'tfidf_min_df': 330, 'classifier': 'RidgeClassifier', 'ridge_alpha': 3.2141593606900756, 'ridge_tol': 0.005210244221397292, 'ridge_solver': 'saga'}",0.8869419479465129
49,"{'dataset_column': 'corrected_tokens', 'vectorizer': 'TfidfVectorizer', 'tfidf_max_ngram': 2, 'tfidf_max_df': 0.723132772710367, 'tfidf_min_df': 163, 'classifier': 'RidgeClassifier', 'ridge_alpha': 4.338077150618674, 'ridge_tol': 0.08837505092873918, 'ridge_solver': 'saga'}",0.8996298982747073
50,"{'dataset_column': 'lemmatized_tokens_without_stop_words', 'vectorizer': 'TfidfVectorizer', 'tfidf_max_ngram': 3, 'tfidf_max_df': 0.9232416541593361, 'tfidf_min_df': 352, 'classifier': 'RidgeClassifier', 'ridge_alpha': 5.732160058096008, 'ridge_tol': 0.04599718765060338, 'ridge_solver': 'saga'}",0.8758400052729078
51,"{'dataset_column': 'corrected_tokens', 'vectorizer': 'TfidfVectorizer', 'tfidf_max_ngram': 3, 'tfidf_max_df': 0.7253387290183252, 'tfidf_min_df': 64, 'classifier': 'RidgeClassifier', 'ridge_alpha': 2.4766709298839196, 'ridge_tol': 0.06964234436576966, 'ridge_solver': 'saga'}",0.906955649901735
52,"{'dataset_column': 'corrected_tokens', 'vectorizer': 'TfidfVectorizer', 'tfidf_max_ngram': 3, 'tfidf_max_df': 0.720275921114247, 'tfidf_min_df': 50, 'classifier': 'RidgeClassifier', 'ridge_alpha': 2.3832354617883915, 'ridge_tol': 0.059103022995405964, 'ridge_solver': 'saga'}",0.9086423434779771
53,"{'dataset_column': 'corrected_tokens', 'vectorizer': 'TfidfVectorizer', 'tfidf_max_ngram': 3, 'tfidf_max_df': 0.7204683988517856, 'tfidf_min_df': 47, 'classifier': 'RidgeClassifier', 'ridge_alpha': 2.0121062192933747, 'ridge_tol': 0.05984705855817933, 'ridge_solver': 'saga'}",0.9084661827252694
54,"{'dataset_column': 'lemmatized_tokens', 'vectorizer': 'TfidfVectorizer', 'tfidf_max_ngram': 3, 'tfidf_max_df': 0.7181521077065276, 'tfidf_min_df': 42, 'classifier': 'RidgeClassifier', 'ridge_alpha': 1.064232667775612, 'ridge_tol': 0.04785599185453189, 'ridge_solver': 'saga'}",0.9061752341912582
55,"{'dataset_column': 'lemmatized_tokens', 'vectorizer': 'TfidfVectorizer', 'tfidf_max_ngram': 3, 'tfidf_max_df': 0.7192356469667264, 'tfidf_min_df': 37, 'classifier': 'RidgeClassifier', 'ridge_alpha': 0.9452799713394908, 'ridge_tol': 0.05924827117737169, 'ridge_solver': 'saga'}",0.9052942054418691
56,"{'dataset_column': 'lemmatized_tokens', 'vectorizer': 'TfidfVectorizer', 'tfidf_max_ngram': 3, 'tfidf_max_df': 0.7167974195435235, 'tfidf_min_df': 37, 'classifier': 'RidgeClassifier', 'ridge_alpha': 1.9913866546840169, 'ridge_tol': 0.04759129047528445, 'ridge_solver': 'saga'}",0.9089947505413919
57,"{'dataset_column': 'lemmatized_tokens', 'vectorizer': 'TfidfVectorizer', 'tfidf_max_ngram': 3, 'tfidf_max_df': 0.714338832635634, 'tfidf_min_df': 44, 'classifier': 'LinearSVC', 'svc_penalty': 'l1', 'svc_C': 65.20443027697583, 'svc_tol': 0.03761577891471533, 'svc_max_iter': 1330}",0.8768218752158756
58,"{'dataset_column': 'lemmatized_tokens', 'vectorizer': 'Word2VecVectorizer', 'w2v_vector_size': 50, 'w2v_window': 3, 'w2v_min_count': 4, 'w2v_epochs': 16, 'classifier': 'RidgeClassifier', 'ridge_alpha': 2.0675495749187736, 'ridge_tol': 0.04679450860955178, 'ridge_solver': 'saga'}",0.8241071103767912
59,"{'dataset_column': 'lemmatized_tokens', 'vectorizer': 'TfidfVectorizer', 'tfidf_max_ngram': 3, 'tfidf_max_df': 0.7004109732440098, 'tfidf_min_df': 32, 'classifier': 'RidgeClassifier', 'ridge_alpha': 1.1476824619381418, 'ridge_tol': 0.03553430673889543, 'ridge_solver': 'saga'}",0.9079374913253695
60,"{'dataset_column': 'lemmatized_tokens', 'vectorizer': 'TfidfVectorizer', 'tfidf_max_ngram': 3, 'tfidf_max_df': 0.7001685907875663, 'tfidf_min_df': 152, 'classifier': 'RidgeClassifier', 'ridge_alpha': 1.7963378852582814, 'ridge_tol': 0.022977970059846788, 'ridge_solver': 'saga'}",0.8990760718357642
61,"{'dataset_column': 'lemmatized_tokens', 'vectorizer': 'TfidfVectorizer', 'tfidf_max_ngram': 3, 'tfidf_max_df': 0.7160529571076033, 'tfidf_min_df': 41, 'classifier': 'RidgeClassifier', 'ridge_alpha': 0.8994434920808914, 'ridge_tol': 0.030249398185885314, 'ridge_solver': 'saga'}",0.9049668890540898
62,"{'dataset_column': 'lemmatized_tokens', 'vectorizer': 'TfidfVectorizer', 'tfidf_max_ngram': 3, 'tfidf_max_df': 0.8746770659534558, 'tfidf_min_df': 4, 'classifier': 'RidgeClassifier', 'ridge_alpha': 1.2954033623822134, 'ridge_tol': 0.03913248291094393, 'ridge_solver': 'saga'}",0.9151624714727447
63,"{'dataset_column': 'lemmatized_tokens', 'vectorizer': 'TfidfVectorizer', 'tfidf_max_ngram': 3, 'tfidf_max_df': 0.9141426418589862, 'tfidf_min_df': 615, 'classifier': 'RidgeClassifier', 'ridge_alpha': 2.3651725192810082, 'ridge_tol': 0.041148307983261835, 'ridge_solver': 'svd'}",-inf
64,"{'dataset_column': 'lemmatized_tokens', 'vectorizer': 'TfidfVectorizer', 'tfidf_max_ngram': 2, 'tfidf_max_df': 0.885467846992586, 'tfidf_min_df': 15, 'classifier': 'RidgeClassifier', 'ridge_alpha': 0.3605758479161705, 'ridge_tol': 0.037193762065198636, 'ridge_solver': 'saga'}",0.9003851409203634
65,"{'dataset_column': 'lemmatized_tokens', 'vectorizer': 'TfidfVectorizer', 'tfidf_max_ngram': 3, 'tfidf_max_df': 0.8847820726199364, 'tfidf_min_df': 495, 'classifier': 'RidgeClassifier', 'ridge_alpha': 1.3662482268658878, 'ridge_tol': 0.013532182923409668, 'ridge_solver': 'saga'}",0.8791631065032318
66,"{'dataset_column': 'lemmatized_tokens', 'vectorizer': 'Word2VecVectorizer', 'w2v_vector_size': 80, 'w2v_window': 5, 'w2v_min_count': 4, 'w2v_epochs': 14, 'classifier': 'RidgeClassifier', 'ridge_alpha': 2.6422837792210716, 'ridge_tol': 0.05629249582693205, 'ridge_solver': 'sag'}",0.8498100390588114
67,"{'dataset_column': 'lemmatized_tokens', 'vectorizer': 'TfidfVectorizer', 'tfidf_max_ngram': 3, 'tfidf_max_df': 0.7535266409093494, 'tfidf_min_df': 3, 'classifier': 'RidgeClassifier', 'ridge_alpha': 1.9658894742730568, 'ridge_tol': 0.03431421525931312, 'ridge_solver': 'lsqr'}",0.9140045136598101
68,"{'dataset_column': 'lemmatized_tokens', 'vectorizer': 'TfidfVectorizer', 'tfidf_max_ngram': 3, 'tfidf_max_df': 0.748797359070207, 'tfidf_min_df': 14, 'classifier': 'RidgeClassifier', 'ridge_alpha': 2.018255346623038, 'ridge_tol': 0.03431464768229331, 'ridge_solver': 'lsqr'}",0.9139792962315821
69,"{'dataset_column': 'lemmatized_tokens', 'vectorizer': 'TfidfVectorizer', 'tfidf_max_ngram': 3, 'tfidf_max_df': 0.8811235230881953, 'tfidf_min_df': 7, 'classifier': 'RidgeClassifier', 'ridge_alpha': 1.96636968058457, 'ridge_tol': 0.034412384036597604, 'ridge_solver': 'lsqr'}",0.9133499822863254
70,"{'dataset_column': 'lemmatized_tokens', 'vectorizer': 'TfidfVectorizer', 'tfidf_max_ngram': 3, 'tfidf_max_df': 0.8735581678722147, 'tfidf_min_df': 5, 'classifier': 'RidgeClassifier', 'ridge_alpha': 1.9575813046800552, 'ridge_tol': 0.02945986931522345, 'ridge_solver': 'lsqr'}",0.9141806870877769
71,"{'dataset_column': 'lemmatized_tokens', 'vectorizer': 'TfidfVectorizer', 'tfidf_max_ngram': 3, 'tfidf_max_df': 0.8860695828199795, 'tfidf_min_df': 3, 'classifier': 'RidgeClassifier', 'ridge_alpha': 2.0018282087637176, 'ridge_tol': 0.028984104644855214, 'ridge_solver': 'lsqr'}",0.9129471688857878
72,"{'dataset_column': 'lemmatized_tokens', 'vectorizer': 'TfidfVectorizer', 'tfidf_max_ngram': 3, 'tfidf_max_df': 0.8736742366396507, 'tfidf_min_df': 6, 'classifier': 'RidgeClassifier', 'ridge_alpha': 1.7288105329335743, 'ridge_tol': 0.02966825388401444, 'ridge_solver': 'lsqr'}",0.914558308410605
73,"{'dataset_column': 'lemmatized_tokens', 'vectorizer': 'TfidfVectorizer', 'tfidf_max_ngram': 3, 'tfidf_max_df': 0.8794907311125415, 'tfidf_min_df': 4, 'classifier': 'RidgeClassifier', 'ridge_alpha': 1.6896169298795416, 'ridge_tol': 0.027102244316465955, 'ridge_solver': 'lsqr'}",0.9147597182796885
74,"{'dataset_column': 'lemmatized_tokens', 'vectorizer': 'TfidfVectorizer', 'tfidf_max_ngram': 3, 'tfidf_max_df': 0.877192117545548, 'tfidf_min_df': 3, 'classifier': 'RidgeClassifier', 'ridge_alpha': 1.711732516556136, 'ridge_tol': 0.028543310848411513, 'ridge_solver': 'lsqr'}",0.9149611059670683
75,"{'dataset_column': 'lemmatized_tokens', 'vectorizer': 'TfidfVectorizer', 'tfidf_max_ngram': 3, 'tfidf_max_df': 0.8760023556034985, 'tfidf_min_df': 1, 'classifier': 'RidgeClassifier', 'ridge_alpha': 0.558469258942198, 'ridge_tol': 0.017199858359388552, 'ridge_solver': 'lsqr'}",0.9137526974536039
76,"{'dataset_column': 'lemmatized_tokens', 'vectorizer': 'Word2VecVectorizer', 'w2v_vector_size': 113, 'w2v_window': 1, 'w2v_min_count': 6, 'w2v_epochs': 5, 'classifier': 'RidgeClassifier', 'ridge_alpha': 0.6712651129102067, 'ridge_tol': 0.018242113012801497, 'ridge_solver': 'lsqr'}",0.824711187880931
77,"{'dataset_column': 'lemmatized_tokens', 'vectorizer': 'TfidfVectorizer', 'tfidf_max_ngram': 3, 'tfidf_max_df': 0.8710742946410739, 'tfidf_min_df': 131, 'classifier': 'LinearSVC', 'svc_penalty': 'l2', 'svc_C': 24.989693669603774, 'svc_tol': 0.002103487305884555, 'svc_max_iter': 15083, 'svc_loss': 'squared_hinge'}",0.8613395499142203
78,"{'dataset_column': 'lemmatized_tokens', 'vectorizer': 'TfidfVectorizer', 'tfidf_max_ngram': 3, 'tfidf_max_df': 0.8395614407258605, 'tfidf_min_df': 12, 'classifier': 'RidgeClassifier', 'ridge_alpha': 0.39034943677462186, 'ridge_tol': 0.012531472534595193, 'ridge_solver': 'lsqr'}",0.9060745672824941
79,"{'dataset_column': 'lemmatized_tokens', 'vectorizer': 'TfidfVectorizer', 'tfidf_max_ngram': 3, 'tfidf_max_df': 0.899993568703083, 'tfidf_min_df': 118, 'classifier': 'RidgeClassifier', 'ridge_alpha': 1.5392556671785065, 'ridge_tol': 0.026691992318343224, 'ridge_solver': 'lsqr'}",0.9020968808088338
80,"{'dataset_column': 'lemmatized_tokens', 'vectorizer': 'TfidfVectorizer', 'tfidf_max_ngram': 3, 'tfidf_max_df': 0.8536000910139424, 'tfidf_min_df': 10, 'classifier': 'RidgeClassifier', 'ridge_alpha': 0.10906611012417478, 'ridge_tol': 0.03153498098611223, 'ridge_solver': 'lsqr'}",0.9026257021301406
81,"{'dataset_column': 'lemmatized_tokens', 'vectorizer': 'TfidfVectorizer', 'tfidf_max_ngram': 3, 'tfidf_max_df': 0.8701414751500441, 'tfidf_min_df': 13, 'classifier': 'RidgeClassifier', 'ridge_alpha': 1.6703059009187278, 'ridge_tol': 0.03417300628093478, 'ridge_solver': 'lsqr'}",0.9139289247514224
82,"{'dataset_column': 'lemmatized_tokens', 'vectorizer': 'TfidfVectorizer', 'tfidf_max_ngram': 3, 'tfidf_max_df': 0.8632942275323905, 'tfidf_min_df': 8, 'classifier': 'RidgeClassifier', 'ridge_alpha': 1.6930851834820897, 'ridge_tol': 0.02571168311880008, 'ridge_solver': 'lsqr'}",0.9144827765408838
83,"{'dataset_column': 'lemmatized_tokens', 'vectorizer': 'TfidfVectorizer', 'tfidf_max_ngram': 3, 'tfidf_max_df': 0.8651362711047386, 'tfidf_min_df': 99, 'classifier': 'RidgeClassifier', 'ridge_alpha': 1.697491807559254, 'ridge_tol': 0.025466766622189968, 'ridge_solver': 'lsqr'}",0.9037331997361011
84,"{'dataset_column': 'lemmatized_tokens', 'vectorizer': 'TfidfVectorizer', 'tfidf_max_ngram': 3, 'tfidf_max_df': 0.8342275544232354, 'tfidf_min_df': 1, 'classifier': 'RidgeClassifier', 'ridge_alpha': 1.3132481631548578, 'ridge_tol': 0.03973140559074247, 'ridge_solver': 'lsqr'}",0.9088185232435734
85,"{'dataset_column': 'lemmatized_tokens', 'vectorizer': 'TfidfVectorizer', 'tfidf_max_ngram': 3, 'tfidf_max_df': 0.8995177599902712, 'tfidf_min_df': 114, 'classifier': 'RidgeClassifier', 'ridge_alpha': 2.778036246060216, 'ridge_tol': 0.042308261903301385, 'ridge_solver': 'lsqr'}",0.9009388849701214
86,"{'dataset_column': 'lemmatized_tokens', 'vectorizer': 'TfidfVectorizer', 'tfidf_max_ngram': 3, 'tfidf_max_df': 0.8640760264918801, 'tfidf_min_df': 29, 'classifier': 'RidgeClassifier', 'ridge_alpha': 1.6699850382591528, 'ridge_tol': 0.033654624820801025, 'ridge_solver': 'lsqr'}",0.9105555787935307
87,"{'dataset_column': 'lemmatized_tokens_without_stop_words', 'vectorizer': 'TfidfVectorizer', 'tfidf_max_ngram': 2, 'tfidf_max_df': 0.8938369088641263, 'tfidf_min_df': 66, 'classifier': 'RidgeClassifier', 'ridge_alpha': 0.7812871808269003, 'ridge_tol': 0.027678420565998736, 'ridge_solver': 'lsqr'}",0.8877224016827675
88,"{'dataset_column': 'lemmatized_tokens', 'vectorizer': 'TfidfVectorizer', 'tfidf_max_ngram': 3, 'tfidf_max_df': 0.846125935873761, 'tfidf_min_df': 25, 'classifier': 'RidgeClassifier', 'ridge_alpha': 9.166093311827131, 'ridge_tol': 0.02313302577424676, 'ridge_solver': 'lsqr'}",0.9008130545029809
89,"{'dataset_column': 'lemmatized_tokens', 'vectorizer': 'Word2VecVectorizer', 'w2v_vector_size': 127, 'w2v_window': 3, 'w2v_min_count': 1, 'w2v_epochs': 21, 'classifier': 'LinearSVC', 'svc_penalty': 'l1', 'svc_C': 75.31020930117788, 'svc_tol': 0.08555138323108324, 'svc_max_iter': 8328}",0.8496841800723377
90,"{'dataset_column': 'lemmatized_tokens', 'vectorizer': 'TfidfVectorizer', 'tfidf_max_ngram': 3, 'tfidf_max_df': 0.8585549871491698, 'tfidf_min_df': 87, 'classifier': 'RidgeClassifier', 'ridge_alpha': 3.4877711596641188, 'ridge_tol': 0.019910615591506503, 'ridge_solver': 'sparse_cg'}",0.9033556608024579
91,"{'dataset_column': 'lemmatized_tokens', 'vectorizer': 'TfidfVectorizer', 'tfidf_max_ngram': 3, 'tfidf_max_df': 0.8735917094568385, 'tfidf_min_df': 1, 'classifier': 'RidgeClassifier', 'ridge_alpha': 1.184654098368616, 'ridge_tol': 0.013472844936590154, 'ridge_solver': 'lsqr'}",0.9099765729521376
92,"{'dataset_column': 'lemmatized_tokens', 'vectorizer': 'TfidfVectorizer', 'tfidf_max_ngram': 3, 'tfidf_max_df': 0.8747425278139019, 'tfidf_min_df': 27, 'classifier': 'RidgeClassifier', 'ridge_alpha': 1.4388047445561396, 'ridge_tol': 0.03076907185809951, 'ridge_solver': 'lsqr'}",0.9108576714154525
93,"{'dataset_column': 'lemmatized_tokens', 'vectorizer': 'TfidfVectorizer', 'tfidf_max_ngram': 3, 'tfidf_max_df': 0.8947087349034776, 'tfidf_min_df': 68, 'classifier': 'RidgeClassifier', 'ridge_alpha': 2.200241116812824, 'ridge_tol': 0.01623627131569757, 'ridge_solver': 'lsqr'}",0.9066535034099615
94,"{'dataset_column': 'lemmatized_tokens', 'vectorizer': 'TfidfVectorizer', 'tfidf_max_ngram': 3, 'tfidf_max_df': 0.8221184818186112, 'tfidf_min_df': 26, 'classifier': 'RidgeClassifier', 'ridge_alpha': 0.6015144931382039, 'ridge_tol': 0.037120243477856356, 'ridge_solver': 'lsqr'}",0.9062255834897144
95,"{'dataset_column': 'tokens_without_stop_words', 'vectorizer': 'TfidfVectorizer', 'tfidf_max_ngram': 3, 'tfidf_max_df': 0.8686247163942032, 'tfidf_min_df': 826, 'classifier': 'RidgeClassifier', 'ridge_alpha': 1.8263406812781025, 'ridge_tol': 0.0248341849201669, 'ridge_solver': 'lsqr'}",0.8530069105513295
96,"{'dataset_column': 'lemmatized_tokens', 'vectorizer': 'TfidfVectorizer', 'tfidf_max_ngram': 3, 'tfidf_max_df': 0.7520192787356054, 'tfidf_min_df': 24, 'classifier': 'RidgeClassifier', 'ridge_alpha': 1.6313417329135746, 'ridge_tol': 0.04257687601608351, 'ridge_solver': 'lsqr'}",0.9106563185850355
97,"{'dataset_column': 'lemmatized_tokens', 'vectorizer': 'TfidfVectorizer', 'tfidf_max_ngram': 3, 'tfidf_max_df': 0.8589337433563071, 'tfidf_min_df': 57, 'classifier': 'RidgeClassifier', 'ridge_alpha': 1.227076126984663, 'ridge_tol': 0.028511952837762058, 'ridge_solver': 'lsqr'}",0.907282874393885
98,"{'dataset_column': 'lemmatized_tokens', 'vectorizer': 'TfidfVectorizer', 'tfidf_max_ngram': 3, 'tfidf_max_df': 0.9134337828358022, 'tfidf_min_df': 876, 'classifier': 'RidgeClassifier', 'ridge_alpha': 0.9312855788075328, 'ridge_tol': 0.02151948899645917, 'ridge_solver': 'lsqr'}",0.8643354424964682
99,"{'dataset_column': 'lemmatized_tokens_without_stop_words', 'vectorizer': 'TfidfVectorizer', 'tfidf_max_ngram': 3, 'tfidf_max_df': 0.8770451759973559, 'tfidf_min_df': 138, 'classifier': 'RidgeClassifier', 'ridge_alpha': 2.6469191187596897, 'ridge_tol': 0.0335607574809884, 'ridge_solver': 'cholesky'}",0.8885531445099966
